Label,Phase,M23_0,M23_0a
SR_LN(R0),1,10.2713,10.1347
LnQ_base_Srv(2),10,-0.00869587,-0.00213079
