"","Yr","SSB","SSB_PER","SB100","SB40","SB35","F40","F35","C_ABC","C_OFL"
"1",2024,26456.3,0.342245996222607,77302,30920.8,27055.7,0.462701,0.570535,14251.3,17142.3
"2",2025,26947.2,0.348596414064319,77302,30920.8,27055.7,0.481067,0.592338,15584.4,18676.5
