"","Yr","SSB","SSB_PER","SB100","SB40","SB35","F40","F35","C_ABC","C_OFL"
"1",2025,36372.15,0.244936900657257,148496,59398.5,51973.5,0.325153,0.406833,19280.7,23481.4
"2",2026,36029.15,0.242627074129943,148496,59398.5,51973.5,0.321815,0.402656,18936.1,23088
