"","Yr","SSB","SSB_PER","SB100","SB40","SB35","F40","F35","C_ABC","C_OFL"
"1",2025,22667.1,0.209860152485175,108010.5,43204.3,37803.75,0.405652,0.520596,11483.7,14302.3
"2",2026,23813,0.220469306224858,108010.5,43204.3,37803.75,0.428315,0.549681,12595.1,15665.8
