Label,Phase,M23_0a,M23_0b
SR_LN(R0),1,10.0704,10.1047
LnQ_base_Srv(2),10,-0.00218919,-0.00256233
