Label,Phase,M23_0a,M23_0b
SR_LN(R0),1,10.1347,10.2604
LnQ_base_Srv(2),10,-0.00213079,-0.00209006
